<?xml version='1.0' encoding='UTF-8'?>  
<!DOCTYPE hibernate-configuration PUBLIC  
          "-//Hibernate/Hibernate Configuration DTD 5.2.0//EN"  
          "http://hibernate.sourceforge.net/hibernate-configuration-5.2.0.dtd">  
  
<hibernate-configuration>  
  
    <session-factory>  
        <property name="show_sql">true</property>  
        <property name="hbm2ddl.auto">update</property>  
        <property name="connection.driver_class">com.mysql.jdbc.Driver</property>
		<property name="connection.url">jdbc:mysql://localhost:3306/training</property>
		<property name="connection.username">root</property>
		<property name="connection.password">mysql</property>

		<!-- JDBC connection pool settings ... using built-in test pool -->
		<property name="connection.pool_size">1</property>

		<!-- Select our SQL dialect -->
		<property name="dialect">org.hibernate.dialect.MySQL5Dialect</property>
       
         <property name="cache.use_second_level_cache">true</property> 
         <property name="cache.region.factory_class">
         org.hibernate.cache.ehcache.EhCacheRegionFactory</property>
         <mapping class="com.trainings.Employee"/>
    </session-factory>  
</hibernate-configuration>  